[
{
  "model": "polls.poll",
  "pk": 1,
  "fields": {
    "title": "Hrana i piće",
    "description": "Nekoliko pitanja o hrani i piću",
    "author": 1,
    "pub_date": "2021-07-18T22:46:48.737Z"
  }
},
{
  "model": "polls.poll",
  "pk": 2,
  "fields": {
    "title": "Putovanja",
    "description": "Nekoliko pitanja o putovanjima",
    "author": 1,
    "pub_date": "2021-07-18T22:49:59.705Z"
  }
},
{
  "model": "polls.poll",
  "pk": 3,
  "fields": {
    "title": "Marke automobila",
    "description": "Koje od sportskih modela različitih proizvođača više volite?",
    "author": 1,
    "pub_date": "2021-07-18T22:53:20.715Z"
  }
},
{
  "model": "polls.question",
  "pk": 1,
  "fields": {
    "poll": 1,
    "question_text": "Koje od ovih povrća najčešće jedete?"
  }
},
{
  "model": "polls.question",
  "pk": 2,
  "fields": {
    "poll": 1,
    "question_text": "Odaberite piće koje najradije pijete."
  }
},
{
  "model": "polls.question",
  "pk": 3,
  "fields": {
    "poll": 1,
    "question_text": "Koju od sledećih vrsta namirnica najmanje volite?"
  }
},
{
  "model": "polls.question",
  "pk": 4,
  "fields": {
    "poll": 2,
    "question_text": "U koji od ovih gradova biste najradije putovali kao turista?"
  }
},
{
  "model": "polls.question",
  "pk": 5,
  "fields": {
    "poll": 2,
    "question_text": "U kojoj od ovih država biste najradije živeli?"
  }
},
{
  "model": "polls.question",
  "pk": 6,
  "fields": {
    "poll": 3,
    "question_text": "Audi ili BMW?"
  }
},
{
  "model": "polls.question",
  "pk": 7,
  "fields": {
    "poll": 3,
    "question_text": "Ferari ili Porše?"
  }
},
{
  "model": "polls.question",
  "pk": 8,
  "fields": {
    "poll": 3,
    "question_text": "Mercedes ili Lambordžini?"
  }
},
{
  "model": "polls.question",
  "pk": 9,
  "fields": {
    "poll": 3,
    "question_text": "Ševrolet ili Jaguar?"
  }
},
{
  "model": "polls.choice",
  "pk": 1,
  "fields": {
    "question": 1,
    "choice_text": "krompir",
    "votes": 0
  }
},
{
  "model": "polls.choice",
  "pk": 2,
  "fields": {
    "question": 1,
    "choice_text": "paradajz",
    "votes": 0
  }
},
{
  "model": "polls.choice",
  "pk": 3,
  "fields": {
    "question": 1,
    "choice_text": "krastavac",
    "votes": 0
  }
},
{
  "model": "polls.choice",
  "pk": 4,
  "fields": {
    "question": 1,
    "choice_text": "šargarepa",
    "votes": 0
  }
},
{
  "model": "polls.choice",
  "pk": 5,
  "fields": {
    "question": 1,
    "choice_text": "luk",
    "votes": 0
  }
},
{
  "model": "polls.choice",
  "pk": 6,
  "fields": {
    "question": 1,
    "choice_text": "paprika",
    "votes": 0
  }
},
{
  "model": "polls.choice",
  "pk": 7,
  "fields": {
    "question": 1,
    "choice_text": "kupus",
    "votes": 0
  }
},
{
  "model": "polls.choice",
  "pk": 8,
  "fields": {
    "question": 2,
    "choice_text": "pivo",
    "votes": 0
  }
},
{
  "model": "polls.choice",
  "pk": 9,
  "fields": {
    "question": 2,
    "choice_text": "vino",
    "votes": 0
  }
},
{
  "model": "polls.choice",
  "pk": 10,
  "fields": {
    "question": 2,
    "choice_text": "rakija",
    "votes": 0
  }
},
{
  "model": "polls.choice",
  "pk": 11,
  "fields": {
    "question": 2,
    "choice_text": "viski",
    "votes": 0
  }
},
{
  "model": "polls.choice",
  "pk": 12,
  "fields": {
    "question": 2,
    "choice_text": "votka",
    "votes": 0
  }
},
{
  "model": "polls.choice",
  "pk": 13,
  "fields": {
    "question": 2,
    "choice_text": "tekila",
    "votes": 0
  }
},
{
  "model": "polls.choice",
  "pk": 14,
  "fields": {
    "question": 2,
    "choice_text": "kokteli",
    "votes": 0
  }
},
{
  "model": "polls.choice",
  "pk": 15,
  "fields": {
    "question": 2,
    "choice_text": "ne pijem",
    "votes": 0
  }
},
{
  "model": "polls.choice",
  "pk": 16,
  "fields": {
    "question": 3,
    "choice_text": "meso",
    "votes": 0
  }
},
{
  "model": "polls.choice",
  "pk": 17,
  "fields": {
    "question": 3,
    "choice_text": "riba",
    "votes": 0
  }
},
{
  "model": "polls.choice",
  "pk": 18,
  "fields": {
    "question": 3,
    "choice_text": "mlečni proizvodi",
    "votes": 0
  }
},
{
  "model": "polls.choice",
  "pk": 19,
  "fields": {
    "question": 4,
    "choice_text": "Sevilja",
    "votes": 0
  }
},
{
  "model": "polls.choice",
  "pk": 20,
  "fields": {
    "question": 4,
    "choice_text": "Firenca",
    "votes": 0
  }
},
{
  "model": "polls.choice",
  "pk": 21,
  "fields": {
    "question": 4,
    "choice_text": "Edinburg",
    "votes": 0
  }
},
{
  "model": "polls.choice",
  "pk": 22,
  "fields": {
    "question": 4,
    "choice_text": "Bamberg",
    "votes": 0
  }
},
{
  "model": "polls.choice",
  "pk": 23,
  "fields": {
    "question": 4,
    "choice_text": "Lilehamer",
    "votes": 0
  }
},
{
  "model": "polls.choice",
  "pk": 24,
  "fields": {
    "question": 5,
    "choice_text": "Španija",
    "votes": 0
  }
},
{
  "model": "polls.choice",
  "pk": 25,
  "fields": {
    "question": 5,
    "choice_text": "Italija",
    "votes": 0
  }
},
{
  "model": "polls.choice",
  "pk": 26,
  "fields": {
    "question": 5,
    "choice_text": "Škotska",
    "votes": 0
  }
},
{
  "model": "polls.choice",
  "pk": 27,
  "fields": {
    "question": 5,
    "choice_text": "Nemačka",
    "votes": 0
  }
},
{
  "model": "polls.choice",
  "pk": 28,
  "fields": {
    "question": 5,
    "choice_text": "Norveška",
    "votes": 0
  }
},
{
  "model": "polls.choice",
  "pk": 29,
  "fields": {
    "question": 6,
    "choice_text": "Audi",
    "votes": 0
  }
},
{
  "model": "polls.choice",
  "pk": 30,
  "fields": {
    "question": 6,
    "choice_text": "BMW",
    "votes": 0
  }
},
{
  "model": "polls.choice",
  "pk": 31,
  "fields": {
    "question": 7,
    "choice_text": "Ferari",
    "votes": 0
  }
},
{
  "model": "polls.choice",
  "pk": 32,
  "fields": {
    "question": 7,
    "choice_text": "Porše",
    "votes": 0
  }
},
{
  "model": "polls.choice",
  "pk": 33,
  "fields": {
    "question": 8,
    "choice_text": "Mercedes",
    "votes": 0
  }
},
{
  "model": "polls.choice",
  "pk": 34,
  "fields": {
    "question": 8,
    "choice_text": "Lambordžini",
    "votes": 0
  }
},
{
  "model": "polls.choice",
  "pk": 35,
  "fields": {
    "question": 9,
    "choice_text": "Ševrolet",
    "votes": 0
  }
},
{
  "model": "polls.choice",
  "pk": 36,
  "fields": {
    "question": 9,
    "choice_text": "Jaguar",
    "votes": 0
  }
}
]
